A,"[""GCA"",""GCC"",""GCG"",""GCT""]","[29,3,13,54]"
C,"[""TGC"",""TGT""]","[38,63]"
D,"[""GAC"",""GAT""]","[47,53]"
E,"[""GAA"",""GAG""]","[77,23]"
F,"[""TTC"",""TTT""]","[77,23]"
G,"[""GGA"",""GGC"",""GGG"",""GGT""]","[30,17,2,51]"
H,"[""CAC"",""CAT""]","[64,36]"
I,"[""ATA"",""ATC"",""ATT""]","[0,62,37]"
K,"[""AAA"",""AAG""]","[84,16]"
L,"[""CTA"",""CTC"",""CTG"",""CTT"",""TTA"",""TTG""]","[0,26,0,74,0,0]"
M,"[""ATG""]",[100]
N,"[""AAC"",""AAT""]","[78,22]"
P,"[""CCA"",""CCC"",""CCG"",""CCT""]","[46,1,11,42]"
Q,"[""CAA"",""CAG""]","[80,20]"
R,"[""AGA"",""AGG"",""CGA"",""CGC"",""CGG"",""CGT""]","[7,0,0,30,0,63]"
S,"[""AGC"",""AGT"",""TCA"",""TCC"",""TCG"",""TCT""]","[14,5,19,4,1,57]"
T,"[""ACA"",""ACC"",""ACG"",""ACT""]","[33,2,11,55]"
V,"[""GTA"",""GTC"",""GTG"",""GTT""]","[35,10,0,55]"
W,"[""TGG""]",[100]
Y,"[""TAC"",""TAT""]","[78,22]"
rRNA_sequence,ACCUCCUUA,[0]
