Promoter_name,Strength,Sequence,Core
YP1,64.36467,GCTAAAAAGAGCTAGTACccgcgccTAGCATGTGACCTCCTTGAAACTGAAATTTacacaaaacttaagagcaacgcattaacttTATAAAAGagcactgttgggcgtgagtggaggcgccggTTTTTAATATCATaTAGAAGTCAtttttaactaactaa,0
YP2,124.7093,aaaaaCAttttttttTTAccgcgccGGGGGCGGTGGCTCAACGGCTAGCATGTGAcatttccctaaaaaatagtttcgtttttttTATAAAAGcgtaggagtactcgatggtacagatgagcaTTTTTTAGAAGTCaTCGAAATAGtttttaactaactaa,1
YP3,332.7667,tttttCTTtttttttAGAccgcgccACTGAAATTTGCTCAACGGCTAGCATGTGAaaaagtttttgctatttttgatttttcgttTATAAAAGaacgatctaccgactgtttcgcagagggccTTTTTAGATCATCaAGGAAGTAAtttttaactaactaa,2
YP4,436.3933,ATtttttttttCGGCGCCccgcgccGGGGGCGGTGACTGAAATTTGCTCAACGGCttcttcttaacactttttgcaggaaaaaagTATAAAAGccgatagggtgggcgaaggggcgcaggtccTTTTTATCAAAACaAATAAAACAtttttaactaagtaa,3
YP5,855.3667,ACttttttttttGTACTCccgcgccACAGAGGGGCTAGCATGTGAGGGGGCGGTGaaaaaagcaaaaaagaaaaagattttttttTATAAAAGggccttggtctgaaactcctgcgtctcgcgTTTTTATAAGAACaACAACAAATtttttaactaagtaa,4
YP6,408.7,CCCGCttttttttttCGAccgcgccGCTCAACGGCCCTCCTTGAAACTGAAATTTagttaccttttttttttttaagctttttccTATAAAAGggtccctgggtttgcgtactttatccgtcaTTTTTAAAATATCaTAGCACAACtttttaactaagtaa,5
YP7,125.96,TTAACTTTAGCCTAAATAccgcgccTAGCATGTGACCTCCTTGAAGGGGGCGGTGgttcagaatcacccgcgaatacgtagtaatTATAAAAGcgcggtggctccattaaattgctccttcctTTTTTAGAAAATCaAGAAGGACAtttttaagtaactaa,6
YP8,135.3847,GtttttCCttttttttttccgcgccGGGGGCGGTGACAGAGGGGCGCTCAACGGCcgcagaactatttttttagagtaactcgttTATAAAAGcaatacttgggtcgacttgttatacgcggaTTTTTGAGCAAGCaAGATATTTGtttttaactaagtaa,7
YP9,741.4667,ATTTtttttttttGTCTCccgcgccACAGAGGGGCGGGGGCGGTGACTGAAATTTtttttgacaagtcaagtcaggaaaaaaaaaTATAAAAGggcgctgcgtaaggagtgctgccaggtggtTTTTTAAGAAATCaAAAGAATAAtttttaagtaactaa,8
YP10,559.2267,CTCGCTCttttttttttAccgcgccGCTCAACGGCACTGAAATTTTAGCATGTGAtaagttcgctaaaaagccatttttttctagTATAAAAGagcactgttgggcgtgagtggaggcgccggTTTTTAAGAAATCaAACAACTAAtttttaagtaactaa,0
YP11,360.0133,AATTTTTTTaaaaaAGGCccgcgccGCTCAACGGCCCTCCTTGAAGGGGGCGGTGtttttgaaaaaaagaagcaaaaactatattTATAAAAGcgtaggagtactcgatggtacagatgagcaTTTTTATTACGTTaCAAGAACACtttttaactaactaa,1
YP12,385.4733,tttttTtttttTCCTTCCccgcgccACTGAAATTTGGGGGCGGTGGCTCAACGGCatttttgaggagaagtttttacaaaaaaacTATAAAAGaacgatctaccgactgtttcgcagagggccTTTTTTAGCTACTaCCCCTATTAtttttaagtaactaa,2
YP13,469,ATATTCttttttttCGAAccgcgccACTGAAATTTCCTCCTTGAAGCTCAACGGCcttttttaaaaataaactttttccaacataTATAAAAGccgatagggtgggcgaaggggcgcaggtccTTTTTAGATCGTTaAGGAATAGTtttttaactaactaa,3
YP14,657.0467,GTCTCTATCTTAATCGTAccgcgccACAGAGGGGCGGGGGCGGTGCCTCCTTGAAaagttattagcgacgagtaaatcctcaacgTATAAAAGggccttggtctgaaactcctgcgtctcgcgTTTTTAAAGACTTaTACAAGAAGtttttaactaagtaa,4
YP15,194.7467,GCCCCAACGGCCGGACTAccgcgccGGGGGCGGTGACAGAGGGGCACTGAAATTTggcccaaaaccatagggtataacccagaaaTATAAAAGggtccctgggtttgcgtactttatccgtcaTTTTTGTAAAAATaCAGAACTCTtttttaactaactaa,5
YP16,173.7533,TCTAACGACGGTCCTACAccgcgccGGGGGCGGTGGCTCAACGGCCCTCCTTGAAttaaccgtactcgtaggactcaagagtacaTATAAAAGcgcggtggctccattaaattgctccttcctTTTTTAAAGAACCaCAGAAAAATtttttaactaactaa,6
YP17,344.38,ATtttttCAtttttTTAAccgcgccACTGAAATTTTAGCATGTGAACAGAGGGGCCCTCCTTGAAcgatttttcacaaagaaaaaaagttttttaTATAAAAGcaatacttgggtcgacttgttatacgcggaTTTTTAAGTATTTaCCGTCTAAAtttttaactaactaa,7
YP18,906.2867,GGttttttttttttttACccgcgccACAGAGGGGCGCTCAACGGCTAGCATGTGAGGGGGCGGTGaaaaagaaattaaaaaaaaaaaattccataTATAAAAGggcgctgcgtaaggagtgctgccaggtggtTTTTTCTCCTATTaACGGTTTGAtttttaactaactaa,8
YP19,582.4533,CACtttttttttttttTAccgcgccACTGAAATTTGCTCAACGGCACAGAGGGGCGGGGGCGGTGaatttccaattaatctttttattactcgtaTATAAAAGagcactgttgggcgtgagtggaggcgccggTTTTTTAGAAAAGaAAGGATAGGtttttaactaagtaa,0
YP20,234.0533,tttttttttATATATCGCccgcgccCCTCCTTGAAACTGAAATTTACAGAGGGGCGCTCAACGGCatcgaaaaaaaaacacaaagtcgtttttctTATAAAAGcgtaggagtactcgatggtacagatgagcaTTTTTATATAACCaAACAGACCGtttttaactaagtaa,1
YP21,72.36,TCGCATAAGGACTATTAAccgcgccGGGGGCGGTGGCTCAACGGCACAGAGGGGCTAGCATGTGAcaagattccttcgtaaaacttctttctcagTATAAAAGaacgatctaccgactgtttcgcagagggccTTTTTATATAACCaATTTCAATAtttttaagtaagtaa,2
YP22,593.1733,CCGtttttTTTtttttGCccgcgccACAGAGGGGCGCTCAACGGCGGGGGCGGTGTAGCATGTGAttttttctaataaccaaactttttttttgaTATAAAAGccgatagggtgggcgaaggggcgcaggtccTTTTTAAAGAATTaAATATAATCtttttaactaactaa,3
YP23,364.48,GAAtttttttttttttttccgcgccGCTCAACGGCTAGCATGTGAACTGAAATTTGGGGGCGGTGggcaatccaagagtttttttatttttctttTATAAAAGggccttggtctgaaactcctgcgtctcgcgaaaaaAATGCACCaAACACAAGAtttttaactaactaa,4
YP24,674.02,tttttttttttttttATCccgcgccGCTCAACGGCACAGAGGGGCACTGAAATTTTAGCATGTGAgcgttatttttttttaaacttctttttaaaTATAAAAGggtccctgggtttgcgtactttatccgtcaTTTTTACAAGATCaACTAAGAACtttttaactaactaa,5
YP25,49.93733,ttttttttttATAAAAGCccgcgccTAGCATGTGAGCTCAACGGCGGGGGCGGTGACTGAAATTTaatttcggttaaaatttttcgtttcactatTATAAAAGcgcggtggctccattaaattgctccttcctTTTTTGGAAATTCaTACACAACAtttttaactaactaa,6
YP26,339.02,GAaaaaatttttTTTTTCccgcgccGCTCAACGGCTAGCATGTGAACAGAGGGGCACTGAAATTTtacgagttaaagtcgaagttttttaaaaaaTATAAAAGcaatacttgggtcgacttgttatacgcggaTTTTTTACACAACaACAGAACCAtttttaagtaactaa,7
YP27,315.3467,TATTCGTTCTACAGTAACccgcgccACTGAAATTTGGGGGCGGTGCCTCCTTGAATAGCATGTGAcagaaagagatacgtagcatttcagactaaTATAAAAGggcgctgcgtaaggagtgctgccaggtggtTTTTTGTCTCCCCaTTGTGCAGCtttttaactaagtaa,8
YP28,212.6133,CCCAGAATAGTACTCCACccgcgccACAGAGGGGCGCTCAACGGCACTGAAATTTGGGGGCGGTGtagatcggtaagacgattcttcactacttaTATAAAAGagcactgttgggcgtgagtggaggcgccggTTTTTGCAGCGATaAGGAACATTtttttaactaagtaa,0
YP29,355.9933,TtttttTttttttttTCAccgcgccGCTCAACGGCCCTCCTTGAAACAGAGGGGCTAGCATGTGAgttttttttgacaaaaatcaagggttatacTATAAAAGcgtaggagtactcgatggtacagatgagcaTTTTTTGCACAATaTTTCAAGCTtttttaactaagtaa,1
YP30,155.44,GACGCCAAGTATCAGGAAccgcgccTAGCATGTGAACTGAAATTTGCTCAACGGCGGGGGCGGTGttaggtcaaaacgctaactcattagaatacTATAAAAGaacgatctaccgactgtttcgcagagggccTTTTTAATATTTCaAGCTATACCtttttaagtaagtaa,2
YP31,136.7247,CGGTCTACTCGAGTTAGAccgcgccACAGAGGGGCCCTCCTTGAAGCTCAACGGCACTGAAATTTgcatcttactctcttagggtccaaaccctaTATAAAAGccgatagggtgggcgaaggggcgcaggtccAAAAATTCAAGCTaTACCAAGCAtttttaactaactaa,3
YP32,467.66,ATTTTTTTTATCtttttCccgcgccTAGCATGTGACCTCCTTGAAACAGAGGGGCACTGAAATTTacttttttcttttttaggatcctttttttaTATAAAAGggccttggtctgaaactcctgcgtctcgcgTTTTTAAGCATACaATCAACTATtttttaagtaagtaa,4
YP33,241.2,TCtttttTTTTtttttGAccgcgccACTGAAATTTACAGAGGGGCTAGCATGTGACCTCCTTGAAGCTCAACGGCtttttgctccactaaaaacgcatttaaaaaTATAAAAGggtccctgggtttgcgtactttatccgtcaTTTTTTAAGCAACaTTTTATACAtttttaactaagtaa,5
YP34,430.5867,TATTtttttttCTACTAAccgcgccTAGCATGTGAGCTCAACGGCACTGAAATTTCCTCCTTGAAGGGGGCGGTGaaaaaaagcttaacttactcgcttttttttTATAAAAGcgcggtggctccattaaattgctccttcctTTTTTAACATTTTaTACATTTTTtttttaagtaagtaa,6
YP35,359.5667,GCACttttttttttttACccgcgccCCTCCTTGAAGGGGGCGGTGGCTCAACGGCACTGAAATTTACAGAGGGGCaagaagttacgaaaaaaaatctttttttatTATAAAAGcaatacttgggtcgacttgttatacgcggaTTTTTGTAAGAACaTCACACAAAtttttaactaagtaa,7
YP36,406.4667,TCGCCACGTTTAAATCGAccgcgccACTGAAATTTCCTCCTTGAAACAGAGGGGCGGGGGCGGTGGCTCAACGGCagcttcttagtttttcacgtatccactttaTATAAAAGggcgctgcgtaaggagtgctgccaggtggtTTTTTAGAACATCaCACAAAGATtttttaagtaagtaa,8
YP37,209.4867,TCTCCCTAAACAGCCCTAccgcgccACAGAGGGGCACTGAAATTTGGGGGCGGTGTAGCATGTGAGCTCAACGGCacgtacaggctagatttcaactaataaccaTATAAAAGagcactgttgggcgtgagtggaggcgccggTTTTTAGAAAAACaTCTAACATAtttttaagtaagtaa,0
YP38,833.9267,CAttttttttttttttTAccgcgccCCTCCTTGAAACTGAAATTTTAGCATGTGAGGGGGCGGTGGCTCAACGGCaactcctttttaatcatcataaaaattttaTATAAAAGcgtaggagtactcgatggtacagatgagcaTTTTTATACGGTCaACGAACTATtttttaagtaactaa,1
YP39,432.82,TTCAttttttttttttTCccgcgccGCTCAACGGCCCTCCTTGAATAGCATGTGAACAGAGGGGCGGGGGCGGTGttttttttttcacgttttttacccttcaatTATAAAAGaacgatctaccgactgtttcgcagagggccTTTTTAAAACACCaAGAACTTAGtttttaactaactaa,2
YP40,676.2533,GCGttttttttttttTCCccgcgccCCTCCTTGAATAGCATGTGAGGGGGCGGTGACTGAAATTTACAGAGGGGCtaatccaaaaaaattttttctttttttccgTATAAAAGccgatagggtgggcgaaggggcgcaggtccTTTTTAAAAAACCaAGCAACTGCtttttaagtaactaa,3
YP41,628.46,GTttttttttttttttCAccgcgccGCTCAACGGCGGGGGCGGTGACAGAGGGGCTAGCATGTGAACTGAAATTTgactttttttgttttttatttttatttcacTATAAAAGggccttggtctgaaactcctgcgtctcgcgTTTTTGGGAGAATaTTCGCAATTtttttaagtaagtaa,4
YP42,1080.933,TTCTACTTTTttttttttccgcgccACAGAGGGGCCCTCCTTGAAGGGGGCGGTGACTGAAATTTTAGCATGTGAaaaaattttttttaatcctcattttttaaaTATAAAAGggtccctgggtttgcgtactttatccgtcaTTTTTTTTCTTTCaTAACACCAAtttttaactaagtaa,5
YP43,733.4267,GtttttttttttAtttttccgcgccCCTCCTTGAAGGGGGCGGTGTAGCATGTGAACTGAAATTTACAGAGGGGCaatttttgttttttcattaacgtttaacacTATAAAAGcgcggtggctccattaaattgctccttcctTTTTTATAACACCaAGCAACTAAtttttaactaagtaa,6
YP44,378.7733,aaaaaTtttttttttTCAccgcgccGCTCAACGGCACAGAGGGGCCCTCCTTGAATAGCATGTGAACTGAAATTTatctcatttttttttttttatttcgcgtaaTATAAAAGcaatacttgggtcgacttgttatacgcggaTTTTTAAGAAAGCaTAGCAATCTtttttaactaactaa,7
YP45,722.7067,CttttttttttttttACAccgcgccTAGCATGTGAGGGGGCGGTGCCTCCTTGAAACTGAAATTTGCTCAACGGCccataatatttttttttttttttaatctcgTATAAAAGggcgctgcgtaaggagtgctgccaggtggtTTTTTAAATTACTaTACTTCTATtttttaactaagtaa,8
YP46,110.416,TAGTACTCAGCCACAAGAccgcgccGGGGGCGGTGACTGAAATTTCCTCCTTGAATAGCATGTGAGCTCAACGGCtttaccgaaggtcttagtagcagtactcttTATAAAAGagcactgttgggcgtgagtggaggcgccggTTTTTAGAACTATaACACATAGAtttttaactaagtaa,0
YP47,259.0667,CTCTTCTCGCTCTCGCGCccgcgccTAGCATGTGAGGGGGCGGTGACAGAGGGGCCCTCCTTGAAACTGAAATTTgcgaattaagtagggtcaagtcttaaggcaTATAAAAGcgtaggagtactcgatggtacagatgagcaTTTTTTATGTGTTaAATTTATTGtttttaactaactaa,1
YP48,150.9733,TCCGTCAGGTCTACCGAAccgcgccGGGGGCGGTGTAGCATGTGAACAGAGGGGCGCTCAACGGCCCTCCTTGAAtacatcattaccgactacagagttatccacTATAAAAGaacgatctaccgactgtttcgcagagggccTTTTTGCAGAAACaACAACAACAtttttaagtaactaa,2
