Terminator_name,Sequence
TO,GTTGAAACCTTATATAACTGTCTAGAAATAAAGAGTATCATCTTTCAAATCAGAATAGT
T2,CTGAGATACTTATATAGTTGTTACTCAATAAACGATAATACCTTTCAAATAAGGTAATC
T3,CACGAGTATTTATATAAGTTTCTGATAATAAAGTAACCGATTTTTCAAATAGTAGAACT
T4,GAGACTTTACTATATAGTAGGAAGATAATAAACTTACGACTTTTTCAAAATAGACAGTT
T6,GTCAGTAATCTATATACTACAATAGGAATAAACTGATTACCTTTTCAAATCAATAGAGT
T8,GGATACACTTTATATAGAATAGTTACAATAAAGGATAAGTGTTTTCAAATAAAAGTTGC
T9,GGTAACTATCTATATAAGAGAATAGTAATAAATACAATCTGTTTTCAAATAACGATAGT
T10,GAATCTATCGTATATAAGATTGTGATAATAAAGTAAGTTCTGTTTCAAAAGTGATAATC
TS7,TATATAACTGTCTAGAAATAAATTTTTTCAAA
TS8,TATATAAACTCATTTACTTATGTAGGAATAAAGAGTATCATCTTTCAAA
TS9,TATATAACTGTCTAGAAATAAAAACTCATTTACTTATGTAGGTTTCAAA
TS11,TATATAACTGTCTAGAAATAAACACCCGTCGAGCCTGTCCGATTTCAAA
TS14,TATATAACTGTCTAGAAATAAAGAGTATCATCTAAAAA
TS15,TATATAACTGTCTAGAAATAAAGAGTATCATCCAAA
TS16,TATATAACTGTCTAGAAATAAAGAGTATCATCCAAAAA
TS17,TATATAACTGTCTAGAAAAAAAGAGTATCATCTTTCAAA
TS18,TATATAACTGTCTAGAAATAAAGAGTATCATCTTTCAAATTTTTTTTTT
TS19,TTTTTTTTTATATAACTGTCTAGAAATAAAGAGTATCATCTTTCAAA
TS21,AATCAAATTCTATATAACTGTCTAGAAATAAAGAGTATCATCTTTCAAA
TS25,TTTTTTTTTATATATATATATATATATATATAACTGTCTAGAAATAAAGAGTATCATCTTTCAAA
TS26,AATCAAATTCTATATATATATATATATATATATAACTGTCTAGAAATAAAGAGTATCATCTTTCAAA
TS27,TGGGTGGTATATATATATATATATATATATATAACTGTCTAGAAATAAAGAGTATCATCTTTCAAA
TS28,GTGGTATGTTATATATATATATATATATATATAACTGTCTAGAAATAAAGAGTATCATCTTTCAAA
TS29,TGGGTGGTATGTTATATATATATATATATATATATAACTGTCTAGAAATAAAGAGTATCATCTTTCAAA
TS30,TTTTTTTTTATATATATATATATATATATATAAACTCATTTACTTATGTAGGAATAAATTTTTTCAAA
